<?xml version="1.0" encoding="UTF-8"?>
<suppressions xmlns="https://jeremylong.github.io/DependencyCheck/dependency-suppression.1.3.xsd">
   <suppress>
      <notes><![CDATA[
      file name: spring-boot-2.2.4.RELEASE.jar
      ]]></notes>
      <packageUrl regex="true">^pkg:maven/org\.springframework\.boot/spring\-boot@.*$</packageUrl>
      <cpe>cpe:/a:pivotal_software:spring_boot</cpe>
   </suppress>
   <suppress>
      <notes><![CDATA[
      file name: logback-core-1.2.3.jar
      ]]></notes>
      <packageUrl regex="true">^pkg:maven/ch\.qos\.logback/logback\-core@.*$</packageUrl>
      <cpe>cpe:/a:logback:logback</cpe>
   </suppress>
   <suppress>
      <notes><![CDATA[
      file name: jackson-databind-2.10.2.jar
      ]]></notes>
      <packageUrl regex="true">^pkg:maven/com\.fasterxml\.jackson\.core/jackson\-databind@.*$</packageUrl>
      <cpe>cpe:/a:fasterxml:jackson</cpe>
   </suppress>
   <suppress>
      <notes><![CDATA[
      file name: jackson-databind-2.10.2.jar
      ]]></notes>
      <packageUrl regex="true">^pkg:maven/com\.fasterxml\.jackson\.core/jackson\-databind@.*$</packageUrl>
      <cpe>cpe:/a:fasterxml:jackson-databind</cpe>
   </suppress>
   <suppress>
      <notes><![CDATA[
      file name: jackson-core-2.10.2.jar
      ]]></notes>
      <packageUrl regex="true">^pkg:maven/com\.fasterxml\.jackson\.core/jackson\-core@.*$</packageUrl>
      <cpe>cpe:/a:fasterxml:jackson</cpe>
   </suppress>
   <suppress>
      <notes><![CDATA[
      file name: hibernate-validator-6.0.18.Final.jar
      ]]></notes>
      <packageUrl regex="true">^pkg:maven/org\.hibernate\.validator/hibernate\-validator@.*$</packageUrl>
      <cpe>cpe:/a:hibernate:hibernate-validator</cpe>
   </suppress>
   <suppress>
      <notes><![CDATA[
      file name: spring-boot-starter-2.2.4.RELEASE.jar
      ]]></notes>
      <packageUrl regex="true">^pkg:maven/org\.springframework\.boot/spring\-boot\-starter@.*$</packageUrl>
      <cpe>cpe:/a:pivotal_software:spring_boot</cpe>
   </suppress>
   <suppress>
      <notes><![CDATA[
      file name: logback-classic-1.2.3.jar
      ]]></notes>
      <packageUrl regex="true">^pkg:maven/ch\.qos\.logback/logback\-classic@.*$</packageUrl>
      <cpe>cpe:/a:logback:logback</cpe>
   </suppress>
   <suppress>
      <notes><![CDATA[
      file name: hibernate-validator-6.0.18.Final.jar
      ]]></notes>
      <packageUrl regex="true">^pkg:maven/org\.hibernate\.validator/hibernate\-validator@.*$</packageUrl>
      <cpe>cpe:/a:hibernate:validator</cpe>
   </suppress>
   <suppress>
      <notes><![CDATA[
      file name: hibernate-validator-6.0.18.Final.jar
      ]]></notes>
      <packageUrl regex="true">^pkg:maven/org\.hibernate\.validator/hibernate\-validator@.*$</packageUrl>
      <cpe>cpe:/a:redhat:hibernate_validator</cpe>
   </suppress>
   <suppress>
      <notes><![CDATA[
      file name: jackson-annotations-2.10.2.jar
      ]]></notes>
      <packageUrl regex="true">^pkg:maven/com\.fasterxml\.jackson\.core/jackson\-annotations@.*$</packageUrl>
      <cpe>cpe:/a:fasterxml:jackson</cpe>
   </suppress>
   <suppress>
      <notes><![CDATA[
      file name: jackson-datatype-jdk8-2.10.2.jar
      ]]></notes>
      <packageUrl regex="true">^pkg:maven/com\.fasterxml\.jackson\.datatype/jackson\-datatype\-jdk8@.*$</packageUrl>
      <cpe>cpe:/a:fasterxml:jackson</cpe>
   </suppress>
   <suppress>
      <notes><![CDATA[
      file name: spring-boot-starter-web-2.2.4.RELEASE.jar
      ]]></notes>
      <packageUrl regex="true">^pkg:maven/org\.springframework\.boot/spring\-boot\-starter\-web@.*$</packageUrl>
      <cpe>cpe:/a:pivotal_software:spring_boot</cpe>
   </suppress>
   <suppress>
      <notes><![CDATA[
      file name: jackson-datatype-jsr310-2.10.2.jar
      ]]></notes>
      <packageUrl regex="true">^pkg:maven/com\.fasterxml\.jackson\.datatype/jackson\-datatype\-jsr310@.*$</packageUrl>
      <cpe>cpe:/a:fasterxml:jackson</cpe>
   </suppress>
   <suppress>
      <notes><![CDATA[
      file name: spring-boot-starter-json-2.2.4.RELEASE.jar
      ]]></notes>
      <packageUrl regex="true">^pkg:maven/org\.springframework\.boot/spring\-boot\-starter\-json@.*$</packageUrl>
      <cpe>cpe:/a:pivotal_software:spring_boot</cpe>
   </suppress>
   <suppress>
      <notes><![CDATA[
      file name: jackson-module-parameter-names-2.10.2.jar
      ]]></notes>
      <packageUrl regex="true">^pkg:maven/com\.fasterxml\.jackson\.module/jackson\-module\-parameter\-names@.*$</packageUrl>
      <cpe>cpe:/a:fasterxml:jackson</cpe>
   </suppress>
   <suppress>
      <notes><![CDATA[
      file name: spring-boot-autoconfigure-2.2.4.RELEASE.jar
      ]]></notes>
      <packageUrl regex="true">^pkg:maven/org\.springframework\.boot/spring\-boot\-autoconfigure@.*$</packageUrl>
      <cpe>cpe:/a:pivotal_software:spring_boot</cpe>
   </suppress>
   <suppress>
      <notes><![CDATA[
      file name: spring-boot-starter-tomcat-2.2.4.RELEASE.jar
      ]]></notes>
      <packageUrl regex="true">^pkg:maven/org\.springframework\.boot/spring\-boot\-starter\-tomcat@.*$</packageUrl>
      <cpe>cpe:/a:pivotal_software:spring_boot</cpe>
   </suppress>
   <suppress>
      <notes><![CDATA[
      file name: spring-boot-starter-logging-2.2.4.RELEASE.jar
      ]]></notes>
      <packageUrl regex="true">^pkg:maven/org\.springframework\.boot/spring\-boot\-starter\-logging@.*$</packageUrl>
      <cpe>cpe:/a:pivotal_software:spring_boot</cpe>
   </suppress>
   <suppress>
      <notes><![CDATA[
      file name: spring-boot-starter-validation-2.2.4.RELEASE.jar
      ]]></notes>
      <packageUrl regex="true">^pkg:maven/org\.springframework\.boot/spring\-boot\-starter\-validation@.*$</packageUrl>
      <cpe>cpe:/a:pivotal_software:spring_boot</cpe>
   </suppress>
   
</suppressions>